block,field_T,zeeman_E_K,delta_zeeman_E_K,ground_pop,excited_pop,alpha_pop,beta_pop,positive_total_current,positive_R,negative_total_current,negative_R,deltaR,deltaR_prime,deltaR_over_R,gamma,ground_state_flag,positive_alpha_current,positive_beta_current,negative_alpha_current,negative_beta_current
V=0.15,0.0,0.0,0.0,0.5,0.5,0.5,0.5,0.3432271,0.4370284281165444,-0.34307905,0.43721702039223903,-0.00018859227569462123,0.0,,,0,0.2695899,0.4168643,-0.4166726,-0.2694855
V=0.15,0.1,0.06724930681008,0.13449861362016,0.5042029826768256,0.4957970173231744,0.4957970173231744,0.5042029826768256,0.3438460917519399,0.43624168951792,-0.34246042516844777,0.4380068147325891,-0.0017651252146691498,-0.0015765329389745286,,,0,0.2695899,0.4168643,-0.4166726,-0.2694855
V=0.15,0.2,0.13449861362016,0.26899722724032,0.5084053714279752,0.49159462857202485,0.49159462857202485,0.5084053714279752,0.3444649960338322,0.4354578889788485,-0.3418418877550935,0.4387993554127129,-0.003341466433864404,-0.0031528741581697828,,,0,0.2695899,0.4168643,-0.4166726,-0.2694855
V=0.15,0.3,0.20174792043024,0.40349584086048,0.5126065726634369,0.4873934273365631,0.4873934273365631,0.5126065726634369,0.34508372542506405,0.43467712021259297,-0.34122352512872944,0.4395945442021069,-0.004917423989513947,-0.004728831713819326,,,0,0.2695899,0.4168643,-0.4166726,-0.2694855
V=0.15,0.4,0.26899722724032,0.53799445448064,0.5168059934641247,0.4831940065358753,0.4831940065358753,0.5168059934641247,0.3457021926038329,0.43389947535535794,-0.3406054245593965,0.44039228146186565,-0.006492806106507709,-0.006304213830813088,,,0,0.2695899,0.4168643,-0.4166726,-0.2694855
V=0.15,0.5,0.3362465340504,0.6724930681008,0.5210030419163344,0.4789969580836656,0.4789969580836656,0.5210030419163344,0.346320310396403,0.43312504492822823,-0.3399876731691563,0.4411924661908831,-0.008067421262654861,-0.00787882898696024,,,0,0.2695899,0.4168643,-0.4166726,-0.2694855
V=0.15,0.6,0.40349584086048,0.80699168172096,0.5251971274449935,0.4748028725550065,0.4748028725550065,0.5251971274449935,0.34693799182618495,0.43235391780082016,-0.33937035788304104,0.44199499607356774,-0.009641078272747572,-0.00945248599705295,,,0,0.2695899,0.4168643,-0.4166726,-0.2694855
V=0.15,0.7,0.47074514767055997,0.9414902953411199,0.529387661145308,0.470612338854692,0.470612338854692,0.529387661145308,0.34755515016257854,0.4315861811566692,-0.33875356538023943,0.4427997675290297,-0.011213586372360529,-0.011024994096665908,,,0,0.2695899,0.4168643,-0.4166726,-0.2694855
V=0.15,0.8,0.53799445448064,1.07598890896128,0.53357405611241,0.46642594388758996,0.46642594388758996,0.53357405611241,0.3481716989695215,0.43082192046037265,-0.3381373820455771,0.4436066757616929,-0.012784755301320228,-0.012596163025625606,,,0,0.2695899,0.4168643,-0.4166726,-0.2694855
V=0.15,0.9,0.60524376129072,1.21048752258144,0.537755727768616,0.462244272231384,0.462244272231384,0.537755727768616,0.3487875521536863,0.4300612194265049,-0.3375218939213479,0.4444156148132844,-0.014354395386779517,-0.014165803111084896,,,0,0.2695899,0.4168643,-0.4166726,-0.2694855
V=0.15,1.0,0.6724930681008,1.3449861362016,0.5419320941879102,0.4580679058120898,0.4580679058120898,0.5419320941879102,0.34940262401226796,0.4293041599903191,-0.33690718665955466,0.44522647761614914,-0.015922317625830018,-0.015733725350135397,,,0,0.2695899,0.4168643,-0.4166726,-0.2694855
V=0.0765,0.0,0.0,0.0,0.5,0.5,0.5,0.5,0.19169035,0.39908112223698267,-0.19165575,0.3991531691587651,-7.204692178242045e-05,0.0,0.0,0.0,0,0.1669507,0.21643,-0.216258,-0.1670535
V=0.0765,0.1,0.06724930681008,0.13449861362016,0.5042029826768256,0.4957970173231744,0.4957970173231744,0.5042029826768256,0.19189831064076146,0.39864863710660775,-0.19144894433887813,0.3995843396482229,-0.0009357025416151243,-0.0008636556198327039,-0.0021591390495817597,-0.005622757941619166,0,0.1669507,0.21643,-0.216258,-0.1670535
V=0.0765,0.2,0.13449861362016,0.26899722724032,0.5084053714279752,0.49159462857202485,0.49159462857202485,0.5084053714279752,0.1921062418944962,0.3982171492481406,-0.1912421679015722,0.4000163815303157,-0.0017992322821751006,-0.0017271853603926801,-0.0043179634009817,-0.011244696356723177,0,0.1669507,0.21643,-0.216258,-0.1670535
V=0.0765,0.3,0.20174792043024,0.40349584086048,0.5126065726634369,0.4873934273365631,0.4873934273365631,0.5126065726634369,0.192314114390786,0.39778671597941334,-0.1910354498953819,0.40044923621188755,-0.002662520232474208,-0.0025904733106917877,-0.006476183276729469,-0.01686506061648299,0,0.1669507,0.21643,-0.216258,-0.1670535
V=0.0765,0.4,0.26899722724032,0.53799445448064,0.5168059934641247,0.4831940065358753,0.4831940065358753,0.5168059934641247,0.19252189879240947,0.3973573940411196,-0.19082881949459446,0.4008828446489813,-0.003525450607861691,-0.0034534036860792705,-0.008633509215198176,-0.022483096914578584,0,0.1669507,0.21643,-0.216258,-0.1670535
V=0.0765,0.5,0.3362465340504,0.6724930681008,0.5210030419163344,0.4789969580836656,0.4789969580836656,0.5210030419163344,0.19272956581189088,0.3969292395680796,-0.19062230582402773,0.40131714737844315,-0.004387907810363578,-0.004315860888581158,-0.010789652221452894,-0.028098052660033578,0,0.1669507,0.21643,-0.216258,-0.1670535
V=0.0765,0.6,0.40349584086048,0.80699168172096,0.5251971274449935,0.4748028725550065,0.4748028725550065,0.5251971274449935,0.19293708622798908,0.39650230806119774,-0.1904159379426328,0.4017520845500201,-0.005249776488822355,-0.005177729567039935,-0.012944323917599837,-0.03370917686874957,0,0.1669507,0.21643,-0.216258,-0.1670535
V=0.0765,0.7,0.47074514767055997,0.9414902953411199,0.529387661145308,0.470612338854692,0.470612338854692,0.529387661145308,0.19314443090210703,0.39607665436014106,-0.19020974482717568,0.4021875959589126,-0.006110941598771569,-0.006038894676989148,-0.01509723669247287,-0.03931572055331477,0,0.1669507,0.21643,-0.216258,-0.1670535
V=0.0765,0.8,0.53799445448064,1.07598890896128,0.53357405611241,0.46642594388758996,0.46642594388758996,0.53357405611241,0.19335157079460277,0.39565233261676414,-0.19000375535601693,0.4026236210787475,-0.00697128846198336,-0.00689924154020094,-0.01724810385050235,-0.0449169371106832,0,0.1669507,0.21643,-0.216258,-0.1670535
V=0.0765,0.9,0.60524376129072,1.21048752258144,0.537755727768616,0.462244272231384,0.462244272231384,0.537755727768616,0.1935584769809817,0.39522939626930725,-0.18979799829300914,0.403060099094932,-0.007830702825624758,-0.0077586559038423375,-0.019396639759605844,-0.050512082707306886,0,0.1669507,0.21643,-0.216258,-0.1670535
V=0.0765,1.0,0.6724930681008,1.3449861362016,0.5419320941879102,0.4580679058120898,0.4580679058120898,0.5419320941879102,0.19376512066795187,0.3948078980173899,-0.18959250227153096,0.4034969689383501,-0.008689070920960162,-0.008617023999177742,-0.021542559997944355,-0.05610041666131342,0,0.1669507,0.21643,-0.216258,-0.1670535
